{"shape": [3, 3, 3], "data_type": "int16", "chunk_grid": {"configuration": {"chunk_shape": [3, 3, 1]}, "name": "regular"}, "chunk_key_encoding": {"configuration": {"separator": "/"}, "name": "default"}, "fill_value": 0, "codecs": [{"configuration": {"order": "F"}, "name": "transpose"}, {"configuration": {"endian": "little"}, "name": "endian"}, {"configuration": {"typesize": 4, "cname": "zstd", "clevel": 5, "shuffle": "noshuffle", "blocksize": 0}, "name": "blosc"}], "attributes": {}, "dimension_names": null, "zarr_format": 3, "node_type": "array"}